"1","850-47-3740","Mark Morgan","5677 Coolidge Street","(469) 904-1438","0"
"2","256-95-4382","Eric Warren","9062 Schurz Drive","(214) 701-8127","0"
"3","256-51-5268","Robert Harper","7786 Sachs Place","(214) 875-5911","0"
"4","976-95-2914","Donna Franklin","3 Magdeline Terrace","(214) 800-6127","0"
"5","906-63-3588","Linda King","41260 Kedzie Terrace","(469) 213-2549","0"
"6","206-26-7141","Judy Holmes","6583 Manitowish Hill","(972) 898-5909","0"
"7","898-61-3567","Deborah Lawrence","2 Hermina Trail","(972) 900-2951","0"
"8","644-25-0492","Adam Johnston","05671 Norway Maple Court","(469) 743-0176","0"
"9","678-12-4697","Pamela Carr","1848 Fordem Avenue","(972) 247-9852","0"
"10","562-33-7951","Daniel Fisher","400 Cody Lane","(214) 891-7743","0"
"11","441-90-7753","Stephen Fields","99 Fair Oaks Drive","(214) 801-3069","0"
"12","305-53-3736","Walter Ferguson","814 Sutteridge Point","(469) 945-8172","0"
"13","634-61-6311","Paul Cook","58295 Pierstorff Pass","(469) 932-0168","0"
"14","661-24-6360","Roy Smith","563 Fairview Park","(214) 911-4724","0"
"15","350-83-8412","Michelle Gardner","28309 Paget Court","(469) 974-2681","0"
"16","439-75-5475","George Powell","31 Clove Crossing","(972) 885-7291","0"
"17","431-61-5822","Nicholas Hudson","29 Esker Trail","(469) 698-4000","0"
"18","879-82-7179","Linda Henderson","117 Katie Center","(469) 997-0832","0"
"19","484-96-1826","Gregory Fowler","42454 Hermina Plaza","(214) 936-8301","0"
"20","562-52-7080","Carol Sanders","99600 Moland Way","(214) 762-1061","0"
"21","876-61-5170","Mark Hamilton","76425 Dixon Hill","(972) 802-7903","0"
"22","139-71-1123","Anthony Brown","8691 Walton Terrace","(972) 947-3376","0"
"23","239-16-6210","James Rivera","4 Golden Leaf Trail","(214) 761-8129","0"
"24","283-06-7717","Tammy Cole","22 Atwood Parkway","(469) 292-1882","0"
"25","371-60-9878","Donald Bowman","196 Golf View Terrace","(214) 956-6083","0"
"26","438-78-7652","Susan Gomez","601 Warbler Point","(972) 877-1341","0"
"27","893-37-1519","Juan Martin","846 Johnson Circle","(214) 828-5694","0"
"28","434-92-5388","Samuel Bailey","1367 Northport Drive","(972) 972-2250","0"
"29","444-50-9807","Paul White","24775 Melvin Place","(469) 459-4087","0"
"30","557-41-0386","Gregory Clark","259 Porter Avenue","(972) 979-5771","0"
"31","123-99-1439","Steven Wood","852 Darwin Alley","(214) 984-2801","0"
"32","507-26-2481","Jessica Fuller","975 Carpenter Parkway","(972) 956-5055","0"
"33","258-33-5117","Donna Greene","86 Delladonna Lane","(469) 969-6535","0"
"34","876-94-4518","Edward Ford","34 Fulton Circle","(214) 869-1555","0"
"35","153-20-8011","Steve Torres","781 Loeprich Alley","(469) 964-7789","0"
"36","881-79-3670","Alice Rivera","79 Dayton Center","(214) 841-3416","0"
"37","878-61-5560","Jessica Freeman","27997 Loftsgordon Lane","(214) 835-4205","0"
"38","728-84-4113","Kenneth Harrison","25074 Holmberg Park","(972) 774-1504","0"
"39","792-17-4540","Betty Austin","4 Schmedeman Terrace","(972) 927-7561","0"
"40","433-05-3698","Irene Gonzalez","820 Oxford Crossing","(214) 865-5203","0"
"41","132-21-3747","Charles Foster","850 Summerview Crossing","(469) 910-6688","0"
"42","457-93-9804","Gregory Perez","57 Bluejay Pass","(972) 433-8549","0"
"43","906-16-1095","Jose Stone","93 Waywood Parkway","(972) 991-8017","0"
"44","882-36-6316","Patrick Moore","78 Crest Line Road","(214) 950-2446","0"
"45","728-96-3473","Louis Lynch","12197 Kinsman Center","(469) 820-4208","0"
"46","377-44-1238","Matthew Snyder","169 Mayfield Park","(469) 855-5018","0"
"47","582-62-7069","Sara Wagner","24827 Twin Pines Junction","(469) 914-5869","0"
"48","577-82-2947","Louise Long","6 Haas Center","(214) 939-0517","0"
"49","216-53-6968","Judy Hamilton","65364 Mosinee Center","(972) 847-2849","0"
"50","202-40-3427","Evelyn Young","4788 South Street","(214) 864-9776","0"
"51","897-56-8517","James Moore","9089 Lunder Parkway","(469) 830-4056","0"
"52","923-84-7867","Clarence Romero","68501 Michigan Street","(972) 982-1803","0"
"53","539-63-0143","Jennifer Smith","3 Cordelia Terrace","(469) 963-5598","0"
"54","636-25-1591","Jack Baker","01441 Eastlawn Place","(972) 909-1277","0"
"55","622-93-5915","Amy Nguyen","79 Rigney Circle","(214) 905-2261","3"
"56","823-00-8890","Maria Stevens","5348 David Point","(972) 992-5831","0"
"57","534-07-7079","Teresa Carpenter","6280 Spenser Lane","(972) 908-2593","0"
"58","203-68-8563","Roy Arnold","7548 Dunning Junction","(214) 990-9053","0"
"59","457-75-1314","Randy Stewart","5004 Emmet Park","(469) 422-2991","0"
"60","524-73-0400","Brenda Fernandez","335 Forster Alley","(214) 920-6944","0"
"61","344-66-8375","Janet Thompson","1 Chinook Place","(972) 986-8081","0"
"62","716-55-3314","Billy Ortiz","4 Hintze Court","(469) 808-1346","0"
"63","869-29-5873","Edward Hawkins","96231 Northland Plaza","(972) 798-3752","0"
"64","218-81-6261","Mark Morgan","5 Miller Lane","(469) 784-6546","0"
"65","913-50-1956","Carolyn Morgan","975 Golf View Place","(469) 674-8726","0"
"66","749-40-8693","Tina Weaver","5414 Green Ridge Street","(469) 840-0879","0"
"67","992-92-6136","Eric Taylor","6 Fisk Pass","(214) 714-7652","0"
"68","378-07-1662","Ruth Henry","84 Hermina Street","(972) 934-2054","0"
"69","388-44-9990","Phillip Perkins","84771 Bartelt Trail","(214) 917-4226","0"
"70","288-23-0361","Annie Welch","80 Stuart Road","(972) 516-1320","0"
"71","509-44-1761","Lois Hunter","49 Blaine Lane","(972) 809-1141","0"
"72","704-79-5907","Lisa Cook","4412 Lakewood Gardens Plaza","(972) 653-9871","0"
"73","948-30-8402","Kathleen Harvey","13 Grayhawk Hill","(469) 547-7753","0"
"74","651-57-6305","Diane Stevens","0091 American Circle","(469) 942-1364","0"
"75","908-63-2676","Samuel Young","0157 Holmberg Street","(469) 918-5729","0"
"76","727-25-3782","Mark Riley","4900 Thompson Court","(972) 767-2036","0"
"77","775-32-5935","Bonnie Ross","0 Walton Court","(972) 766-6908","0"
"78","402-35-0549","Elizabeth Arnold","952 Sage Pass","(214) 967-2424","0"
"79","270-86-6950","John Walker","2 Packers Crossing","(469) 796-5094","0"
"80","982-11-9636","William Simmons","1232 Hayes Crossing","(972) 903-7706","0"
"81","757-38-5276","Lisa Kelley","3718 Twin Pines Way","(972) 900-0487","0"
"82","980-24-2372","Carl Larson","096 Goodland Parkway","(469) 550-2228","0"
"83","444-73-4007","Brandon Anderson","8 Leroy Circle","(469) 993-9270","0"
"84","278-33-4174","Gloria Myers","03 Elmside Center","(469) 853-3967","0"
"85","772-25-9640","Daniel Freeman","9584 Elka Place","(972) 769-9270","0"
"86","232-98-4647","Judith Mitchell","2506 Merchant Terrace","(972) 902-9669","0"
"87","937-38-5159","Alan King","958 Burrows Street","(214) 583-5636","0"
"88","327-80-3166","Steve Phillips","45557 Jana Court","(972) 937-9620","0"
"89","405-92-7423","Brenda Butler","5 Calypso Avenue","(972) 892-6177","0"
"90","133-37-8900","Patricia Spencer","65143 Union Lane","(214) 909-9264","0"
"91","227-64-6193","Larry Olson","50299 Lien Parkway","(972) 965-7073","0"
"92","272-41-6460","Victor Sullivan","272 Milwaukee Point","(972) 759-4852","0"
"93","318-95-0284","Kathryn Taylor","2952 Thackeray Point","(214) 862-0958","0"
"94","729-22-8562","Rachel Little","755 Kropf Pass","(972) 797-7226","0"
"95","783-54-9793","Donald Richardson","951 Chive Avenue","(972) 934-6450","0"
"96","131-52-5777","Stephen Chapman","0 Lunder Alley","(214) 987-1376","0"
"97","335-18-5473","Harold Richardson","76743 Burrows Court","(469) 899-1924","0"
"98","933-15-2171","Ernest Palmer","6 Upham Drive","(972) 942-2638","0"
"99","595-38-3883","Pamela Matthews","2 Green Lane","(214) 944-0666","0"
"100","808-44-7643","Jason Campbell","6 Raven Court","(972) 811-4885","0"
"101","924-16-0243","Joyce Fuller","45900 Iowa Way","(469) 906-3524","0"
"102","348-53-9608","Andrea Bailey","33 Cardinal Alley","(972) 846-5566","0"
"103","379-16-0722","Denise Perry","68 Old Shore Lane","(214) 991-3418","0"
"104","997-92-4787","Michael Jacobs","0 Brentwood Place","(469) 924-9727","0"
"105","664-95-5489","Catherine Reid","41544 Anniversary Crossing","(214) 948-8236","0"
"106","424-12-2851","Aaron Romero","844 Union Way","(972) 535-5154","0"
"107","295-19-3279","John Warren","9127 Farragut Center","(469) 923-5725","0"
"108","806-92-2733","Steve Garrett","729 Kenwood Court","(214) 703-1311","0"
"109","466-92-6624","Jimmy Ellis","8 Nevada Place","(972) 742-8738","0"
"110","454-64-8101","Jose Perez","4463 Commercial Circle","(469) 852-3133","0"
"111","909-18-6864","Katherine Dean","4978 Cordelia Way","(972) 886-7232","0"
"112","203-54-9198","Ashley Jackson","676 David Road","(469) 976-0450","1"
"113","177-45-8737","Kathryn Hart","29 Dexter Circle","(972) 900-3590","0"
"114","279-96-6074","Dennis Ruiz","18784 Browning Circle","(972) 974-1505","0"
"115","561-91-3511","Sharon Cox","4 Hoffman Street","(214) 915-0820","0"
"116","325-12-4236","Ruby Burke","5 Swallow Avenue","(972) 928-8965","0"
"117","537-25-0563","Jerry Stewart","54494 Kenwood Trail","(469) 817-5662","0"
"118","508-36-5238","Howard Fisher","2 Reinke Lane","(972) 325-6683","0"
"119","663-89-7131","Eric Phillips","578 Westend Pass","(972) 893-0831","0"
"120","582-89-0521","Albert Cruz","04 Shopko Way","(972) 471-4420","0"
"121","112-24-4907","Timothy Harrison","04099 Anhalt Place","(214) 849-7879","0"
"122","593-24-8597","Ronald Phillips","4632 Brentwood Hill","(469) 945-4638","0"
"123","152-06-9743","Antonio Bishop","212 Memorial Lane","(469) 835-8047","0"
"124","917-73-0651","Howard Green","9 Florence Trail","(214) 875-8195","0"
"125","550-66-4068","Willie Murphy","09 Loeprich Parkway","(214) 954-5495","0"
"126","151-32-0622","Christine Washington","95086 Eliot Alley","(469) 844-5383","0"
"127","363-52-9311","Angela Ellis","61 Chinook Avenue","(469) 912-7557","0"
"128","498-97-9543","Kathy Wagner","1 Columbus Crossing","(214) 958-2980","0"
"129","109-59-3700","Antonio Carr","6996 Arizona Avenue","(469) 724-0803","0"
"130","919-11-7074","Samuel Ellis","69968 Meadow Ridge Alley","(469) 957-8249","0"
"131","532-19-3189","Bruce Williamson","51 Maywood Place","(214) 969-6651","0"
"132","186-61-2257","Ruby Mcdonald","031 Ohio Lane","(214) 970-5621","0"
"133","758-82-0981","Jack Larson","43086 Dexter Way","(469) 913-6292","0"
"134","789-85-0156","Tammy Hunter","08 Marquette Pass","(214) 919-0495","0"
"135","144-61-2857","Mildred Richards","6863 Warbler Crossing","(469) 636-7310","0"
"136","812-34-4775","Janet Dixon","1 Ridgeway Terrace","(972) 381-9665","0"
"137","605-13-5959","Antonio Hamilton","2545 Lerdahl Center","(214) 886-6681","0"
"138","873-83-1740","Louise Jordan","7326 Reindahl Point","(972) 518-9421","0"
"139","992-25-4077","Linda Hunt","710 Lighthouse Bay Point","(972) 754-7045","0"
"140","222-46-0064","Joan Webb","90 Bashford Avenue","(469) 955-0632","0"
"141","135-71-1523","Kevin Frazier","47 Bluejay Hill","(972) 965-3683","0"
"142","490-88-8407","Todd Schmidt","4 Lakeland Pass","(214) 903-6828","0"
"143","797-95-4607","Andrea Sims","898 Killdeer Pass","(469) 988-0761","0"
"144","959-24-3477","Barbara Brooks","305 Mendota Plaza","(469) 958-8251","0"
"145","600-79-0040","Kenneth Anderson","246 Shopko Drive","(972) 998-5406","0"
"146","704-59-6830","Jessica Knight","36 Forest Park","(469) 961-0488","0"
"147","542-87-9344","Dorothy Adams","2483 Melody Plaza","(972) 881-8472","0"
"148","634-80-8812","Phillip Adams","4 Derek Point","(972) 918-0335","0"
"149","599-72-6050","James Carpenter","6668 Ilene Court","(214) 820-8276","0"
"150","751-57-0699","Amy Lopez","715 Westend Avenue","(469) 830-1019","0"
"151","570-71-9526","Frank Gomez","61280 Mallory Parkway","(214) 962-2973","0"
"152","585-65-8864","Debra Rogers","4 Southridge Place","(469) 753-7894","0"
"153","784-42-3645","Aaron Chapman","840 Messerschmidt Plaza","(972) 753-3651","0"
"154","327-00-2811","Jerry Cruz","48314 Muir Crossing","(214) 973-8302","0"
"155","209-64-5805","Gerald Mccoy","71113 Corry Circle","(469) 758-3820","0"
"156","352-52-5321","Matthew Ward","3726 Oneill Terrace","(972) 668-2488","0"
"157","312-33-6562","Marilyn Andrews","61664 Warrior Street","(972) 831-4215","0"
"158","585-35-8539","Lawrence Coleman","0 Scoville Plaza","(469) 987-3187","0"
"159","766-72-6736","Sarah Burton","65230 Prairie Rose Point","(972) 736-0106","0"
"160","519-22-1664","Gerald White","82 Delaware Plaza","(214) 774-5757","0"
"161","811-23-2706","Shawn Robertson","9 Troy Alley","(214) 943-9366","0"
"162","983-17-1073","Samuel Arnold","1748 Monterey Road","(469) 741-5231","0"
"163","153-09-5087","Ruby Mcdonald","00621 Killdeer Crossing","(469) 941-5043","0"
"164","208-16-2580","Lillian Kim","47585 Nova Drive","(214) 740-2312","0"
"165","604-54-4201","Pamela Bradley","2 Lakewood Gardens Place","(469) 871-3326","0"
"166","764-51-2571","Ralph Chavez","15739 Vera Plaza","(214) 598-5319","0"
"167","102-72-1991","Martin Richards","8 New Castle Trail","(469) 976-0263","0"
"168","743-82-1324","Chris Simmons","46833 Farmco Junction","(469) 810-0333","0"
"169","915-27-6165","Martin Stevens","573 Oneill Hill","(469) 570-2393","0"
"170","615-68-8488","Lisa West","55586 Ronald Regan Lane","(972) 998-4345","0"
"171","538-66-1965","Daniel Marshall","3 Manitowish Crossing","(469) 730-4725","0"
"172","981-95-3778","John Hicks","81 Northfield Place","(972) 727-1591","0"
"173","802-73-6786","Roger Harrison","9 Meadow Vale Drive","(469) 941-5954","0"
"174","777-08-7277","Teresa Thompson","06364 Gerald Street","(972) 670-1547","0"
"175","445-90-2407","Arthur Freeman","51652 Russell Street","(469) 994-4509","0"
"176","909-02-3006","Howard Simpson","95 Redwing Lane","(972) 910-0392","0"
"177","790-10-1835","Christopher Spencer","6 Northfield Crossing","(214) 821-9650","0"
"178","847-64-1856","Theresa Wood","0420 Westport Circle","(469) 994-1901","0"
"179","930-97-8594","Lillian Wright","82972 Raven Road","(972) 960-5502","0"
"180","823-59-4050","Sara Rogers","7 Twin Pines Circle","(214) 984-5323","0"
"181","831-37-2302","Linda Richards","046 Harper Center","(214) 998-2489","0"
"182","139-70-8042","Albert Cunningham","414 Summer Ridge Trail","(972) 716-3924","0"
"183","611-16-9228","Debra Holmes","22 Bluejay Road","(972) 954-8773","0"
"184","248-33-5177","Jason Davis","82931 Cardinal Junction","(214) 969-9787","0"
"185","399-38-8513","Justin Fowler","1958 Leroy Way","(972) 915-2410","0"
"186","515-58-4650","Catherine Harris","4091 Doe Crossing Alley","(469) 968-7984","0"
"187","911-94-6409","Gary Reyes","06 Shelley Parkway","(972) 985-2014","0"
"188","952-37-2293","Clarence Harvey","637 Blackbird Crossing","(972) 735-8046","0"
"189","866-26-3470","Kathleen Lynch","0 Northview Center","(469) 858-9821","0"
"190","696-87-1283","Angela Myers","07 Jenifer Point","(214) 996-3258","0"
"191","525-30-0056","Paula Roberts","2025 Annamark Court","(214) 919-1512","0"
"192","455-25-1300","Marie Hudson","35523 Fulton Point","(972) 955-0047","0"
"193","300-83-3012","Victor George","16 Butterfield Place","(469) 982-0024","0"
"194","568-53-7223","Judith Lane","59463 Havey Center","(469) 962-1701","0"
"195","219-13-1583","Steven Carpenter","64 Rutledge Court","(972) 759-2760","0"
"196","628-41-9882","Beverly Welch","0 7th Point","(214) 758-2027","0"
"197","553-83-0248","Chris Cox","386 Coleman Avenue","(214) 902-1149","0"
"198","664-42-3811","Heather Duncan","3 Acker Avenue","(972) 906-2444","0"
"199","932-05-2280","Helen Cooper","90887 Ohio Trail","(214) 723-9307","0"
"200","359-15-6568","Linda Dixon","0506 Boyd Plaza","(214) 940-0096","0"
"201","377-03-6374","Eric Wood","730 Bonner Hill","(972) 959-7132","0"
"202","956-77-5994","Brenda Brooks","4 Pennsylvania Hill","(972) 960-5440","0"
"203","262-72-9956","Fred Crawford","00 Mariners Cove Terrace","(972) 978-1543","0"
"204","935-26-1044","Alan Morris","2238 Debra Center","(469) 701-3591","0"
"205","575-57-3479","Jimmy Watkins","91873 Colorado Crossing","(469) 933-3579","0"
"206","534-35-2839","Keith Fisher","2 Muir Crossing","(972) 999-1883","0"
"207","487-48-3434","Rose Oliver","3152 Thackeray Point","(214) 971-9384","0"
"208","282-19-5051","Johnny Vasquez","809 Grover Circle","(972) 843-5554","0"
"209","198-52-6239","Judith Dunn","337 Northview Point","(972) 999-1156","0"
"210","165-45-3343","Roger Freeman","13 Farmco Way","(469) 854-9842","0"
"211","983-87-0005","Richard Bailey","3108 Browning Park","(214) 718-0392","0"
"212","387-20-1613","Ernest Palmer","66600 Pleasure Drive","(214) 238-1120","0"
"213","440-22-0860","Janice Long","26577 Laurel Road","(214) 972-0889","0"
"214","589-60-2564","Thomas Schmidt","0 New Castle Crossing","(469) 745-9014","0"
"215","564-07-7138","Kathryn Hayes","18504 Basil Hill","(469) 831-7793","0"
"216","106-58-8800","Chris Perkins","14865 John Wall Center","(972) 957-3368","0"
"217","664-12-8122","Thomas Scott","449 Schurz Parkway","(469) 914-5396","0"
"218","394-69-4479","Judy Richards","9420 Main Hill","(469) 871-8324","0"
"219","977-89-1063","Janice Garrett","2998 Chive Place","(214) 809-6943","0"
"220","720-12-0662","Raymond Peterson","892 Fairfield Point","(469) 947-5199","0"
"221","344-03-8015","Marilyn Williams","0 John Wall Circle","(214) 992-8183","0"
"222","166-80-9145","Teresa Reid","9224 Manufacturers Terrace","(972) 457-6436","2"
"223","628-54-4529","Irene Medina","51 Southridge Pass","(972) 994-3852","0"
"224","763-92-5219","Linda Carpenter","43 Dovetail Road","(972) 866-8440","0"
"225","468-30-6717","Jonathan Harrison","113 Havey Crossing","(469) 900-2769","0"
"226","716-63-5871","Laura Graham","72346 Emmet Place","(469) 892-4249","0"
"227","462-64-8746","Sharon Pierce","9 Clove Trail","(972) 930-5410","0"
"228","890-27-4530","Katherine Boyd","90 Park Meadow Junction","(214) 652-5153","0"
"229","875-97-7822","Brian Perkins","5988 Havey Street","(972) 973-2502","0"
"230","867-84-8327","Eric Cooper","7 Granby Road","(972) 970-2642","0"
"231","907-94-1254","Randy Stanley","94552 Linden Court","(972) 815-8835","0"
"232","319-59-2633","Pamela Gutierrez","50236 Goodland Lane","(972) 968-2569","0"
"233","145-92-8000","Keith Perkins","9543 Farragut Road","(214) 804-0599","0"
"234","361-70-3782","Scott Spencer","5 Lukken Junction","(214) 701-4621","0"
"235","992-96-4866","Todd Bryant","418 Onsgard Hill","(214) 980-7359","0"
"236","916-54-8159","Jose Anderson","2705 Ohio Junction","(214) 530-2752","0"
"237","133-83-4824","Amanda Davis","1636 Norway Maple Place","(469) 913-5733","0"
"238","712-12-8661","Richard Cruz","69 Marquette Park","(469) 902-7741","0"
"239","325-77-2883","Sara Walker","18924 3rd Circle","(972) 932-7544","0"
"240","974-70-9717","Gloria Sanders","36961 Green Ridge Place","(214) 937-3306","0"
"241","584-04-3187","Jonathan Harris","286 Merry Way","(469) 873-4473","0"
"242","152-31-3951","Juan Fields","291 Marquette Parkway","(972) 916-7303","0"
"243","950-88-3244","Wanda Mills","79024 Surrey Way","(469) 920-6298","0"
"244","315-12-0643","Karen Davis","83 Holy Cross Drive","(972) 890-5755","0"
"245","328-21-2988","Scott Montgomery","96247 Oriole Circle","(972) 929-5312","0"
"246","752-03-8294","Michael Stevens","356 Shoshone Drive","(469) 803-5017","0"
"247","223-10-5941","Andrea Baker","90 Heath Drive","(469) 930-1109","0"
"248","383-36-2902","Marilyn Alexander","443 Dottie Circle","(972) 406-2617","0"
"249","556-96-7003","Harry Alvarez","636 Express Way","(214) 954-5716","0"
"250","760-25-1865","Rose Peterson","034 Shelley Drive","(972) 861-4171","0"
"251","196-06-0978","Barbara Garcia","5690 Acker Road","(469) 517-8843","0"
"252","140-56-2974","Ann Berry","37940 Morning Hill","(972) 918-7984","0"
"253","493-92-4232","Paul Turner","75287 Pleasure Place","(972) 782-6768","0"
"254","353-18-9662","Theresa Day","9 American Ash Crossing","(972) 909-4722","0"
"255","926-42-8995","Andrew Gilbert","8 American Parkway","(972) 834-2804","0"
"256","741-11-7814","Alice Turner","4 Namekagon Lane","(214) 660-6741","0"
"257","700-23-8477","Julie Smith","61345 Namekagon Place","(469) 861-2346","0"
"258","390-30-8158","Alice Carr","7564 Ohio Plaza","(214) 549-1687","0"
"259","941-05-7192","Harry Baker","7 Straubel Center","(469) 590-5412","0"
"260","949-37-6371","Donna Cooper","1629 Summer Ridge Plaza","(469) 957-3027","0"
"261","947-04-7262","Laura Rogers","7776 Summer Ridge Court","(972) 730-7675","0"
"262","443-61-5562","Jessica Hicks","17138 Ryan Circle","(469) 815-6162","0"
"263","428-09-7397","George Turner","4 Quincy Pass","(214) 958-2175","0"
"264","354-53-8826","Joan Watkins","9601 Lerdahl Pass","(214) 814-9170","0"
"265","757-21-3141","Andrea Gonzalez","127 Russell Hill","(972) 809-5959","0"
"266","924-17-9942","Billy Little","46 Autumn Leaf Junction","(972) 986-6001","0"
"267","778-68-6617","Teresa Marshall","2 Sheridan Trail","(469) 884-2394","0"
"268","431-20-0144","Benjamin Lynch","53 Tennyson Park","(469) 877-9851","0"
"269","851-35-0300","Nancy Dixon","4 Dwight Street","(972) 770-3641","0"
"270","583-40-6101","Jean Dunn","4 North Street","(469) 995-6149","0"
"271","125-98-5061","Anthony Gardner","9823 Donald Terrace","(972) 432-3180","0"
"272","750-84-1386","Benjamin Morrison","21 Oriole Terrace","(214) 409-6322","0"
"273","319-09-3742","Anne Dixon","9579 Browning Crossing","(972) 907-6080","0"
"274","585-90-0674","Denise Wallace","6021 Portage Park","(972) 940-4355","0"
"275","416-38-3510","Linda Owens","13 Monterey Alley","(214) 836-3577","0"
"276","614-68-5656","Larry Warren","2657 Mitchell Hill","(972) 938-7212","0"
"277","984-48-8111","Edward Hunt","6 Claremont Avenue","(972) 763-1900","0"
"278","446-20-4077","Harry Mcdonald","22283 Farragut Place","(214) 873-3156","0"
"279","154-67-1759","Lawrence Wells","841 Delaware Place","(214) 976-7034","0"
"280","218-70-1729","Martin Fuller","53309 Buhler Place","(469) 667-3361","0"
"281","685-99-2971","Roger Ellis","74213 Charing Cross Circle","(972) 976-7863","0"
"282","551-99-0871","Patrick Moreno","490 Rockefeller Lane","(972) 955-5269","0"
"283","156-64-6797","Andrew Cole","30 Sunfield Pass","(214) 879-7342","0"
"284","704-85-7803","Joan Hudson","4 Everett Court","(214) 954-1417","0"
"285","491-79-6292","Chris Powell","4 Jenifer Circle","(469) 726-7925","0"
"286","164-90-8064","Anna Perez","1241 Graceland Court","(469) 996-2325","0"
"287","857-94-0950","Debra Gray","251 Monterey Hill","(469) 973-4499","0"
"288","581-46-2753","Annie Shaw","561 Cody Crossing","(214) 764-1587","0"
"289","300-46-8310","Shawn Martinez","19 Lunder Park","(469) 986-4161","0"
"290","691-97-1438","Mary Graham","701 Cordelia Court","(214) 687-0840","0"
"291","239-90-4011","Janet West","2308 Division Center","(214) 978-0541","0"
"292","702-60-4201","Aaron Arnold","5886 Banding Trail","(214) 955-5863","0"
"293","253-17-0796","Justin Brown","611 Green Plaza","(214) 901-6023","0"
"294","547-06-9057","George Torres","64206 Calypso Hill","(972) 925-4199","0"
"295","722-28-9325","Brian Romero","4418 Green Ridge Terrace","(469) 825-9159","0"
"296","488-01-1020","Lawrence Morris","42 Magdeline Pass","(214) 942-2979","0"
"297","947-93-9771","Patrick Garcia","1 Nevada Parkway","(469) 827-6118","0"
"298","708-32-6866","Ashley Moreno","067 Morning Park","(469) 869-6226","0"
"299","421-79-0842","Aaron Ellis","1925 Grasskamp Alley","(469) 937-9272","0"
"300","554-28-3296","Jimmy James","3 Knutson Way","(972) 930-8175","0"
"301","271-28-4504","Maria Torres","56168 Arizona Drive","(214) 931-8328","0"
"302","453-78-4845","Chris Owens","6 Browning Park","(972) 701-4889","0"
"303","556-27-9759","Elizabeth Harvey","1995 Nelson Park","(972) 992-9375","0"
"304","212-61-9406","Jane Baker","0062 Sunbrook Junction","(469) 754-6653","0"
"305","142-06-8429","Lisa Kelley","272 Larry Drive","(469) 930-6637","0"
"306","205-62-6313","Jonathan Diaz","18283 Brown Center","(469) 940-2479","0"
"307","592-93-9926","Mildred Allen","5734 La Follette Point","(469) 946-2268","0"
"308","714-97-1208","Linda Rogers","0590 Northport Drive","(972) 947-1564","0"
"309","949-18-1878","Gary Garrett","5285 2nd Court","(469) 939-2476","0"
"310","454-36-5067","Earl Hall","7755 Park Meadow Way","(214) 882-0672","0"
"311","586-20-4125","Benjamin Bailey","72101 Elmside Parkway","(214) 896-3364","0"
"312","853-10-4620","Angela Graham","5 High Crossing Crossing","(972) 878-1468","0"
"313","132-68-7899","Dennis Hunter","7 2nd Place","(469) 967-8745","0"
"314","618-21-2736","Matthew Stevens","9603 Hansons Way","(469) 861-3808","0"
"315","852-75-0048","Annie Freeman","7466 Gulseth Alley","(972) 921-0146","0"
"316","652-37-4979","Richard Lawson","792 Dottie Circle","(214) 545-9387","0"
"317","953-35-3551","Susan Allen","6 Morrow Alley","(214) 748-0451","0"
"318","269-55-4900","Rose Coleman","26094 Loomis Alley","(469) 819-2212","0"
"319","398-57-5624","Kathy Elliott","28 Boyd Pass","(469) 996-0439","0"
"320","769-13-6801","Teresa Brooks","57699 Oak Circle","(972) 731-4160","0"
"321","781-65-2211","Julie Lane","8261 Magdeline Road","(214) 930-8339","0"
"322","880-14-5596","Jessica Day","80 Cascade Junction","(214) 947-1788","0"
"323","472-47-3959","Billy Cruz","75 Mosinee Court","(214) 797-5929","0"
"324","628-10-4874","Martha Mccoy","74 Claremont Park","(214) 915-1572","0"
"325","799-41-8699","Frances Long","0 Schlimgen Alley","(214) 951-4800","0"
"326","826-57-4791","Carolyn Duncan","1 Merry Place","(214) 279-8556","0"
"327","497-33-4483","Ryan Mendoza","9 Myrtle Way","(214) 867-1887","0"
"328","733-61-4241","Jerry Oliver","0 Vera Alley","(469) 734-8276","0"
"329","669-72-6189","Juan Smith","3 Dixon Parkway","(214) 909-9366","0"
"330","867-23-4679","Marilyn White","769 Mayfield Center","(972) 933-0968","0"
"331","410-60-8961","Anne Moreno","60 Raven Pass","(214) 886-0662","0"
"332","381-83-9299","Ruby Greene","328 Fallview Center","(214) 872-7995","0"
"333","186-53-8147","Shawn Rivera","8 American Hill","(972) 528-2505","0"
"334","100-08-2010","Tina Hamilton","24695 Di Loreto Crossing","(972) 755-6424","0"
"335","166-29-5051","Benjamin Graham","08 New Castle Avenue","(214) 983-4311","0"
"336","869-23-6916","Doris Bailey","5773 Eastlawn Center","(469) 801-1479","0"
"337","242-20-9101","Jason Washington","3225 Vera Lane","(972) 931-0247","0"
"338","456-04-0469","Evelyn Wilson","9873 Kim Center","(469) 901-5209","0"
"339","812-93-7575","Steve Cunningham","5615 Mcbride Park","(214) 883-3172","0"
"340","696-31-4035","Henry Howard","9 Lakewood Avenue","(214) 848-6192","0"
"341","399-88-0576","Timothy Crawford","39384 Tony Terrace","(972) 729-2932","0"
"342","342-52-5404","Todd Rose","8 Mosinee Plaza","(469) 893-2893","0"
"343","699-25-9472","Mary Nelson","8 Colorado Avenue","(214) 241-4452","0"
"344","188-14-3830","Jason Watkins","74155 Welch Terrace","(972) 915-1343","0"
"345","562-73-5031","Kathy Cole","8600 Anniversary Pass","(214) 993-7915","0"
"346","633-54-2851","Albert Reyes","43 Transport Pass","(469) 808-4965","0"
"347","256-93-5132","Aaron Harvey","1807 Prairieview Pass","(214) 632-9282","0"
"348","973-81-6951","Jack Ward","5 Susan Plaza","(972) 918-4342","0"
"349","324-71-1906","Dorothy Spencer","90651 Bellgrove Junction","(972) 892-8862","0"
"350","227-59-5562","Lawrence Hunt","2 Randy Court","(972) 962-4743","0"
"351","931-62-4904","Beverly Fernandez","480 Toban Lane","(469) 975-3330","0"
"352","625-57-7457","Karen Johnston","3 Coleman Plaza","(214) 768-1518","0"
"353","285-70-4379","Howard Gonzalez","7699 Dakota Terrace","(214) 905-6019","0"
"354","490-16-4375","Dorothy Graham","9 Mcguire Alley","(469) 619-4224","0"
"355","246-40-5583","Barbara Anderson","77 Ronald Regan Park","(214) 947-1531","0"
"356","697-56-6815","Frances Willis","61438 Becker Park","(469) 900-5979","0"
"357","878-94-1305","Martha Arnold","52279 Hauk Plaza","(469) 968-6237","0"
"358","721-32-2687","Maria Medina","6 Gina Crossing","(214) 851-3813","0"
"359","842-65-5010","Jonathan Fox","32 Springs Road","(972) 916-5884","0"
"360","657-17-6421","Carlos Carter","96207 3rd Park","(214) 928-7624","0"
"361","422-81-7045","Adam Ferguson","0 Summerview Court","(214) 957-5621","0"
"362","644-09-0337","Nicholas Wheeler","756 Pleasure Circle","(469) 973-3255","0"
"363","903-98-1679","Raymond Rogers","16 Monument Parkway","(469) 887-9227","0"
"364","847-29-3619","Brandon Stevens","94647 Village Junction","(214) 693-6689","0"
"365","822-62-5312","Lori Ferguson","49 Sachtjen Crossing","(214) 968-1515","0"
"366","629-41-9551","Roy Turner","61544 Talmadge Drive","(469) 927-5678","0"
"367","235-79-8503","Martha Warren","94 Vahlen Hill","(972) 776-3863","0"
"368","265-90-7820","Ruby Anderson","0482 Haas Terrace","(469) 873-2923","0"
"369","694-92-0573","Steven Bailey","8987 Lawn Park","(469) 938-8249","0"
"370","143-30-2355","Melissa Perkins","0039 Hanson Court","(972) 995-3027","0"
"371","344-69-2006","Ruby Ross","86591 Roxbury Circle","(214) 917-1080","0"
"372","566-64-7874","Billy King","831 Sutherland Point","(214) 846-6560","0"
"373","163-65-8067","Mildred Sanchez","09 Annamark Circle","(469) 877-2424","0"
"374","588-45-9557","Linda Duncan","09159 Charing Cross Way","(972) 877-3172","0"
"375","142-74-6194","Janice Montgomery","661 Grasskamp Alley","(214) 905-8688","0"
"376","694-58-3169","Robin Cox","0 Gerald Court","(972) 722-1586","0"
"377","513-11-0091","Carol Howell","273 Sullivan Lane","(214) 831-1374","0"
"378","432-49-7884","Doris Welch","74 Oakridge Alley","(469) 983-6603","0"
"379","204-46-7713","Debra Kelly","0 Maywood Street","(469) 926-2312","0"
"380","597-00-1738","Scott Morales","823 Sherman Point","(469) 801-1210","0"
"381","221-70-6594","Louise Murphy","7113 Carpenter Drive","(469) 988-1773","0"
"382","300-48-5255","Jack Cruz","55322 Linden Point","(469) 896-0110","0"
"383","823-59-7520","Teresa Carter","4757 Kingsford Street","(214) 964-1732","0"
"384","526-53-0309","Eric Flores","0 Vera Center","(214) 868-2141","0"
"385","996-22-6511","Louis Elliott","02 Jenna Trail","(972) 567-4117","0"
"386","688-12-7828","Nicholas Evans","13 Russell Lane","(214) 975-3027","0"
"387","389-89-9874","Evelyn Bailey","77832 West Park","(972) 978-9540","0"
"388","614-07-9273","Arthur Ray","3079 Donald Point","(469) 754-2762","0"
"389","189-81-8299","Shawn Burns","51 Nelson Plaza","(469) 978-8065","0"
"390","874-30-0223","Henry Wallace","4139 Spaight Road","(972) 524-8949","0"
"391","841-42-8500","Kathy Garcia","3657 Anhalt Trail","(469) 867-8069","0"
"392","933-68-6811","Kenneth Sanchez","06600 Utah Crossing","(972) 810-0694","0"
"393","124-81-1894","Carl Bishop","01 Goodland Junction","(469) 792-3214","0"
"394","255-45-0108","Harry Tucker","8 Waubesa Parkway","(214) 925-4392","0"
"395","694-43-1375","Christopher Marshall","34693 Warbler Junction","(214) 646-3142","0"
"396","405-10-9736","Russell Murphy","9552 Mandrake Center","(214) 843-3552","0"
"397","752-91-8139","Jessica Carr","9 Sutteridge Pass","(469) 949-9851","0"
"398","324-70-7021","Cheryl Moore","0 2nd Plaza","(972) 272-0101","0"
"399","903-05-2325","Lori Carroll","879 Clarendon Alley","(469) 989-2206","0"
"400","323-48-3150","Frank Martin","428 Lindbergh Way","(972) 802-1808","0"
"401","748-29-7839","Joyce Allen","5911 Troy Pass","(469) 935-7570","0"
"402","203-92-3954","Philip Gonzalez","2 Buhler Street","(214) 941-2219","0"
"403","483-93-2540","Nicole Bell","69 Manitowish Lane","(214) 901-7334","0"
"404","235-14-1141","Joseph Perry","45 Judy Trail","(214) 938-2436","0"
"405","138-49-9901","Doris Peterson","56 Oxford Avenue","(214) 956-2812","0"
"406","311-51-3288","Gregory Marshall","17 Eastwood Terrace","(214) 824-0301","0"
"407","359-35-2008","Virginia Kelly","37408 Morrow Court","(972) 839-9825","0"
"408","608-20-9205","Beverly Hawkins","0 Hovde Terrace","(469) 814-1846","0"
"409","539-33-7584","Scott Gonzalez","623 Westend Way","(469) 928-6396","0"
"410","407-50-8210","Paul Mcdonald","334 Orin Avenue","(972) 994-1541","0"
"411","158-21-4344","Dennis Duncan","05 Mitchell Hill","(469) 906-7817","0"
"412","146-55-7699","Mary Ryan","24029 Nevada Way","(469) 827-6766","0"
"413","870-93-1419","Victor Smith","0 Helena Point","(214) 828-3216","0"
"414","752-50-3597","Ruby Murray","4920 Westend Court","(214) 859-6221","0"
"415","894-84-4831","Jean Garza","91 Havey Plaza","(972) 738-9037","0"
"416","327-53-6005","Andrew Jordan","38498 Park Meadow Crossing","(469) 762-1505","0"
"417","868-79-0477","Harry Marshall","24 Heffernan Crossing","(972) 927-0592","0"
"418","409-03-9079","Wayne Franklin","35 Continental Alley","(214) 741-9000","0"
"419","653-59-9039","Lillian Gonzalez","9922 Arkansas Circle","(972) 872-9248","0"
"420","718-47-6143","Rachel Bishop","70227 Vernon Way","(972) 798-2559","0"
"421","841-96-3890","Alan Lynch","332 Dayton Plaza","(214) 930-8850","0"
"422","931-94-4929","Carlos Ray","62 Monument Park","(469) 942-7494","0"
"423","720-85-0355","Frank Taylor","5 Lien Center","(214) 621-5602","0"
"424","836-23-8686","Melissa Burton","5 Springs Lane","(469) 567-0603","0"
"425","999-28-2020","Anne Nelson","34365 Kropf Park","(972) 904-1974","0"
"426","919-67-6865","Amanda Bailey","29 Continental Point","(214) 819-4931","0"
"427","362-09-9834","Chris Duncan","35 Alpine Avenue","(214) 940-2965","0"
"428","762-37-8033","Elizabeth Gibson","6602 Namekagon Way","(972) 863-7573","0"
"429","424-50-1775","Keith Brown","471 Burning Wood Park","(214) 849-4296","0"
"430","221-74-2881","Karen Sanchez","71 Old Gate Point","(214) 915-6512","0"
"431","467-35-1217","Marilyn Meyer","3981 Lerdahl Point","(972) 956-5459","0"
"432","142-41-8822","Harold Little","81271 Evergreen Lane","(469) 888-8096","0"
"433","626-74-9990","Henry Dean","4913 Brentwood Center","(469) 950-2072","0"
"434","468-99-7446","Joyce Rivera","3 Johnson Pass","(469) 982-3317","0"
"435","560-85-1499","Marie Johnson","6 Graedel Street","(972) 701-4623","0"
"436","650-87-6068","Aaron Clark","5169 Bashford Point","(214) 931-4554","0"
"437","262-55-8913","Anne Campbell","0140 Grover Place","(214) 962-1673","0"
"438","691-11-1485","Janice Garrett","439 Prentice Hill","(972) 911-1842","0"
"439","772-97-8655","Bobby Johnson","7 Moulton Crossing","(469) 948-5326","0"
"440","807-93-7008","Fred Welch","0 Lukken Alley","(214) 955-3447","0"
"441","464-18-8734","Laura Chapman","304 Lunder Hill","(469) 823-5855","0"
"442","307-70-2725","Albert Castillo","2 Beilfuss Center","(214) 705-0297","0"
"443","528-91-7558","Julia Oliver","42421 Farmco Street","(972) 780-5174","0"
"444","408-53-0520","David Russell","57840 Laurel Alley","(972) 852-7339","0"
"445","520-76-6004","Russell Montgomery","18 Hagan Pass","(972) 389-6002","0"
"446","660-90-8261","Joe Price","1 Leroy Park","(214) 527-9098","0"
"447","799-34-0025","Anthony Harrison","7123 Bunker Hill Junction","(972) 970-2532","0"
"448","870-49-6647","Gregory Hudson","42 Park Meadow Park","(972) 883-9738","0"
"449","707-63-8293","Michelle Chapman","29 Rieder Pass","(972) 911-7317","0"
"450","469-39-1386","Chris Bailey","8 South Court","(214) 935-4761","0"
"451","553-57-0780","Kevin Wood","0 Pierstorff Park","(469) 876-1298","0"
"452","316-43-6159","Louise Spencer","4462 Blaine Avenue","(214) 877-5122","0"
"453","455-51-2609","Ruth Lee","58 Waubesa Avenue","(469) 940-2041","0"
"454","995-34-9938","Carolyn Alexander","634 Judy Pass","(214) 882-9567","0"
"455","149-26-9323","Barbara Rivera","93 North Pass","(972) 696-7148","0"
"456","889-46-9650","Adam Mcdonald","20734 Beilfuss Park","(972) 846-7469","0"
"457","242-32-1789","Sara Graham","4992 Ridgeview Court","(469) 586-2569","0"
"458","900-93-1217","Henry Spencer","919 7th Plaza","(214) 949-3097","0"
"459","669-83-7441","Lillian Austin","8 Eagle Crest Way","(469) 980-2648","0"
"460","989-79-1559","Jerry Pierce","16 Charing Cross Center","(469) 546-3297","0"
"461","336-44-7837","Emily Ruiz","1 Claremont Junction","(214) 961-5149","0"
"462","928-58-0480","Lillian Baker","111 Village Plaza","(469) 643-7532","0"
"463","186-05-2080","Ruth Butler","41052 Waubesa Lane","(972) 760-5201","0"
"464","922-11-3673","Catherine Welch","666 Kim Crossing","(972) 895-2567","0"
"465","209-54-9222","Howard Castillo","4069 Oneill Point","(214) 332-8692","0"
"466","352-50-9918","Justin Sanders","2 Mayer Junction","(214) 883-7551","0"
"467","651-14-8311","Ronald Roberts","25 South Lane","(972) 703-1253","0"
"468","724-31-5669","Jane Harrison","8070 Clarendon Parkway","(469) 907-0689","0"
"469","506-88-8490","Benjamin Grant","89750 Kenwood Crossing","(469) 978-2012","0"
"470","581-20-4224","Harry Miller","721 High Crossing Court","(214) 867-9998","0"
"471","878-06-0469","Matthew Burke","735 Toban Park","(972) 915-3614","0"
"472","246-12-3136","Christine Chavez","560 Atwood Pass","(214) 937-6446","0"
"473","938-95-9106","Eric Hernandez","80149 Haas Court","(214) 905-1189","0"
"474","734-24-8047","Diana Jones","499 Pearson Junction","(469) 838-4299","0"
"475","829-11-9179","Janet Rice","35291 Bunker Hill Way","(214) 291-3432","0"
"476","744-91-0994","Diane Ruiz","36 Cambridge Park","(469) 888-5191","0"
"477","981-13-1196","Theresa Russell","589 Northwestern Park","(214) 851-1236","0"
"478","770-00-5747","Wayne Hunt","9818 Westend Center","(469) 941-4660","0"
"479","842-92-7572","Virginia Gordon","76 Tony Road","(214) 913-8462","0"
"480","737-53-3435","Gloria Rice","9 Golf View Alley","(214) 920-9672","0"
"481","451-56-2506","Mildred Butler","67 Westerfield Avenue","(469) 283-4838","0"
"482","368-38-1777","Debra West","4799 Melody Parkway","(972) 966-6826","0"
"483","199-36-9132","Nancy Wheeler","737 Doe Crossing Trail","(972) 898-3947","0"
"484","931-76-2866","Lawrence Stone","8 Darwin Alley","(214) 949-9916","0"
"485","371-28-8168","Rachel Reyes","6 Anniversary Alley","(972) 939-6714","0"
"486","435-69-4707","Amanda Simpson","15 Dixon Street","(972) 740-1910","0"
"487","235-32-3985","Lori Carroll","213 Forest Point","(469) 958-8957","0"
"488","148-55-6625","Bobby Austin","62352 Pankratz Road","(972) 912-7272","0"
"489","253-35-6885","Brenda Carpenter","6664 Prairie Rose Point","(214) 986-1471","0"
"490","817-44-1979","Sharon Mason","33 Moulton Lane","(972) 901-1745","0"
"491","639-31-4924","Joshua Ross","4376 Kropf Road","(214) 915-4707","0"
"492","926-53-1333","Melissa Mccoy","08770 Moland Lane","(469) 926-4571","0"
"493","728-54-9849","Bobby Kelly","79 Burning Wood Pass","(214) 860-1350","0"
"494","846-65-0817","Jennifer Ortiz","25989 Mccormick Drive","(469) 874-7030","0"
"495","810-70-4323","Chris Carter","50486 Grim Alley","(469) 916-1204","0"
"496","919-26-6378","Christopher Gonzales","49163 Moose Point","(214) 959-6901","0"
"497","966-29-4430","Albert Gibson","90 Lillian Trail","(469) 951-7990","0"
"498","435-99-9670","Doris Rose","1891 Melrose Terrace","(972) 849-4915","0"
"499","416-21-6778","Marilyn Jordan","61 Eagle Crest Junction","(214) 796-3512","0"
"500","306-68-0158","Joe Bowman","26225 8th Road","(972) 882-8221","0"
"501","840-12-3188","Denise Price","46 Knutson Drive","(972) 488-9450","0"
"502","332-41-0512","Evelyn Edwards","7867 Nancy Park","(972) 209-1095","0"
"503","196-02-7403","Kimberly Hernandez","2 Buell Drive","(469) 779-6890","0"
"504","388-55-1450","Norma Boyd","35 Service Court","(972) 833-7491","0"
"505","395-16-7095","Sharon Ramos","39 Daystar Hill","(214) 898-7050","0"
"506","541-25-5056","Rachel Riley","01017 Jay Plaza","(972) 803-8359","0"
"507","132-58-8039","Randy Jenkins","794 Buena Vista Road","(469) 894-9345","0"
"508","774-38-4043","John Clark","0708 North Terrace","(469) 918-1359","0"
"509","495-55-0985","Ruby Hansen","8756 Wayridge Drive","(469) 941-4442","0"
"510","739-90-9261","Ashley Peters","28880 4th Alley","(972) 893-4339","0"
"511","377-63-8268","Albert Garcia","0 Maple Terrace","(972) 931-7094","0"
"512","150-30-2288","Clarence Holmes","291 1st Terrace","(214) 952-6641","0"
"513","849-92-8312","Julie Parker","3377 Dahle Street","(214) 876-9952","0"
"514","953-43-1417","Michael Martinez","0967 Melrose Avenue","(214) 935-8776","0"
"515","337-86-8085","William Berry","9 Hagan Street","(214) 885-1966","0"
"516","465-95-8833","Gerald Burke","5175 Florence Center","(469) 999-7380","0"
"517","960-83-9340","Linda Rodriguez","2427 Reindahl Park","(972) 664-5725","0"
"518","709-91-1641","Terry Stephens","27291 Farragut Court","(972) 890-0078","0"
"519","423-06-4282","Timothy Hunt","4219 Westport Hill","(214) 950-1960","0"
"520","622-29-9732","Richard Cruz","813 Darwin Avenue","(972) 889-2210","0"
"521","631-12-8701","Gregory Gomez","3993 American Circle","(972) 867-8273","0"
"522","699-59-0681","Louise Garza","14760 Bobwhite Terrace","(469) 893-7918","0"
"523","762-63-8070","James Adams","055 Alpine Way","(972) 925-4501","0"
"524","149-42-1309","Victor Gardner","12141 Corscot Junction","(972) 962-2925","0"
"525","531-67-5941","Ernest Lane","66226 Nova Way","(469) 999-6823","0"
"526","156-63-1943","Joe Griffin","205 Fuller Plaza","(469) 912-4055","0"
"527","664-38-4205","Sean Kelly","3 Gerald Court","(214) 970-9971","0"
"528","662-87-7945","Angela Turner","53 Colorado Pass","(469) 945-2673","0"
"529","678-62-8472","Jerry Howard","68198 Monterey Parkway","(972) 936-3734","0"
"530","216-37-2770","Ashley Lopez","405 Hovde Way","(972) 956-4194","0"
"531","302-51-0303","Albert Marshall","933 Claremont Avenue","(972) 771-8796","0"
"532","194-03-3629","Michelle Williams","07 Marquette Road","(469) 921-7056","0"
"533","303-31-8810","Sharon Wells","23 Twin Pines Parkway","(972) 841-5472","0"
"534","785-25-4186","Doris Gordon","358 Pearson Court","(469) 945-1043","0"
"535","395-22-8160","Patricia Long","76 Jana Place","(469) 711-2650","0"
"536","374-21-6461","Helen Lee","65137 Summerview Crossing","(469) 656-8757","0"
"537","746-77-1077","Kimberly Collins","9629 Delaware Crossing","(469) 789-3606","0"
"538","376-27-2540","Mary Dunn","6848 Sunbrook Parkway","(214) 961-2821","0"
"539","756-45-3967","Amy Harper","5863 Boyd Drive","(214) 988-3185","0"
"540","873-25-3246","Bobby Long","35 Paget Circle","(214) 910-1295","0"
"541","447-50-8678","Sara Young","71916 Sherman Point","(972) 918-2624","0"
"542","303-61-3106","Kathy Oliver","0 Victoria Junction","(972) 784-8364","0"
"543","693-54-6232","Ruby Ray","17 Hermina Point","(214) 987-1219","0"
"544","107-16-4727","Lori Schmidt","181 Rowland Hill","(469) 786-6455","0"
"545","160-60-2907","Raymond Fox","1 Farwell Avenue","(214) 986-0132","0"
"546","192-57-3114","Nancy Turner","1 Vermont Alley","(214) 984-4444","0"
"547","214-13-7727","Gregory Richards","9 Vidon Street","(214) 911-5776","0"
"548","480-37-2448","Lawrence Perez","6441 Derek Junction","(972) 932-7049","0"
"549","279-03-2319","Thomas Pierce","73803 Prairieview Alley","(214) 837-7005","0"
"550","860-31-5301","Steve Larson","6 Nobel Trail","(469) 818-8073","0"
"551","375-32-0893","Aaron Coleman","62 Golden Leaf Crossing","(972) 965-7245","0"
"552","335-17-5061","Joe Daniels","916 Marcy Way","(972) 852-7588","0"
"553","273-16-3483","Theresa Porter","8868 Blaine Pass","(214) 841-2263","0"
"554","690-78-4766","Kathleen Crawford","44 Elmside Place","(214) 466-2521","0"
"555","371-48-9808","Joe Bradley","90362 Kipling Plaza","(214) 934-9993","0"
"556","957-05-0987","Paul Jacobs","512 Tennessee Place","(214) 842-8747","0"
"557","229-10-8054","Andrew Reid","7654 Moland Terrace","(972) 610-4548","0"
"558","714-89-8210","Ralph George","072 Merchant Trail","(972) 917-6796","0"
"559","401-33-5380","Jeremy Brown","2 Old Shore Park","(469) 982-3476","0"
"560","953-58-5532","Nicholas Kennedy","2067 Jana Parkway","(214) 951-6843","0"
"561","818-63-4715","Ronald Wells","37 Prairieview Parkway","(469) 672-3875","0"
"562","984-16-0277","Albert Gilbert","7169 Scoville Avenue","(972) 599-7668","0"
"563","762-90-9837","Jason Turner","208 Summit Park","(972) 919-7729","0"
"564","229-26-6155","Arthur Spencer","624 Kropf Terrace","(469) 790-4776","0"
"565","673-35-9377","Bonnie Ray","20935 Vahlen Pass","(469) 690-0504","0"
"566","414-82-6319","Carol Ryan","43 Sloan Avenue","(469) 959-3742","0"
"567","832-18-4025","Kevin Little","244 Tony Center","(214) 865-6806","0"
"568","562-28-1756","Todd Hall","3896 Corscot Circle","(214) 623-7406","0"
"569","243-20-4627","Ralph Hart","16083 Lillian Crossing","(469) 916-1028","0"
"570","152-91-1428","Ruby Martin","6 Merry Trail","(469) 781-1733","0"
"571","200-92-4036","Julia Kim","30 Corscot Terrace","(972) 826-8872","0"
"572","869-20-2424","Lawrence Reyes","70001 Lunder Pass","(469) 952-7199","0"
"573","766-56-6664","Ronald Rivera","0 Fuller Trail","(469) 977-6988","0"
"574","966-33-9584","Kenneth Medina","652 Melody Avenue","(469) 815-2235","0"
"575","761-70-9256","Angela Clark","916 Elka Place","(972) 726-9437","0"
"576","191-21-0161","Diane Brown","4221 Petterle Junction","(972) 633-7951","0"
"577","597-21-1875","Jack Ward","00625 Warner Street","(972) 802-4440","0"
"578","175-99-0098","Roger Powell","48387 Corben Junction","(214) 803-6520","0"
"579","541-56-2611","Rachel Cook","214 Eastwood Hill","(214) 862-3951","0"
"580","454-07-8145","Karen Burke","09242 Victoria Plaza","(469) 897-7697","0"
"581","947-35-1972","Kimberly Robinson","26233 Oneill Junction","(214) 810-2174","0"
"582","679-65-6095","Samuel Bryant","95 Pearson Pass","(972) 509-6994","0"
"583","522-26-5924","Russell Berry","27 Moose Plaza","(214) 969-7916","0"
"584","624-87-7517","Paula Frazier","713 Havey Court","(469) 704-7407","0"
"585","502-80-0344","Anna Rice","9 Lunder Center","(469) 960-1948","0"
"586","385-99-4195","Diane Stanley","96 Roth Hill","(214) 955-8100","0"
"587","678-08-8971","Billy Snyder","8170 Clarendon Crossing","(972) 883-8736","0"
"588","850-26-9485","Juan Bailey","6 Logan Crossing","(972) 954-9785","0"
"589","119-17-4689","Patricia Green","27001 Mayfield Street","(972) 880-1670","0"
"590","640-57-8903","Louise Harrison","4383 Forest Dale Hill","(972) 591-6825","0"
"591","915-81-5067","Scott Cunningham","1312 Kinsman Terrace","(469) 940-8227","0"
"592","287-08-2149","Steve White","57 Vera Lane","(972) 573-3704","0"
"593","915-62-6265","Brandon Jones","8845 Blackbird Terrace","(214) 982-8588","0"
"594","622-62-2819","Rebecca Reed","012 Sunbrook Place","(469) 800-1493","0"
"595","330-90-1862","Kelly Hawkins","517 Bay Crossing","(972) 839-2019","0"
"596","159-37-4167","Kenneth Hudson","16 Porter Trail","(972) 977-7399","0"
"597","332-96-2350","Tammy Butler","0897 Amoth Hill","(214) 934-8616","0"
"598","179-13-6812","Steven Lane","0185 Hollow Ridge Street","(214) 993-0045","0"
"599","640-94-5337","Jean West","5487 Tomscot Place","(214) 814-4521","0"
"600","381-83-4152","Keith Mason","1 Norway Maple Park","(469) 237-7698","0"
"601","480-06-1832","Jose Morales","36703 Pennsylvania Center","(214) 936-8952","0"
"602","360-26-2573","Johnny Harris","816 Ramsey Pass","(214) 800-8878","0"
"603","271-80-3746","Harold Romero","864 Clove Plaza","(972) 958-7058","0"
"604","161-60-2246","Jose Phillips","726 Farwell Road","(469) 922-7795","0"
"605","968-21-3159","Tina Nguyen","7814 Fairview Avenue","(214) 858-2813","0"
"606","994-00-7169","Michelle Hill","70 Jana Plaza","(214) 805-4933","0"
"607","164-07-0343","Henry Powell","1 Arapahoe Plaza","(469) 861-9090","0"
"608","491-05-7221","Donna Nelson","4 Homewood Alley","(469) 700-9754","0"
"609","511-95-4134","Louis Perry","1655 Heffernan Pass","(214) 820-3573","0"
"610","196-78-4374","Paul Lee","41406 Ridge Oak Parkway","(972) 810-6175","0"
"611","112-60-2094","Diana King","65113 Saint Paul Court","(972) 748-9174","0"
"612","376-03-6774","Evelyn Campbell","68 Mifflin Court","(214) 743-4130","0"
"613","277-81-5111","Louis Howard","0 Lyons Park","(972) 941-3029","0"
"614","658-05-1653","Irene Robinson","04 Fairfield Parkway","(469) 943-6537","0"
"615","155-87-2365","Alice Armstrong","7068 Derek Alley","(214) 911-6490","0"
"616","665-02-8900","Eugene Woods","56245 Graceland Way","(972) 832-8839","0"
"617","670-32-5349","Louis Taylor","09508 Thackeray Center","(214) 932-0979","0"
"618","416-31-2379","Deborah Owens","12322 Hayes Center","(214) 971-1946","0"
"619","346-41-4220","Marilyn Collins","305 1st Crossing","(972) 927-4971","0"
"620","475-06-7256","Virginia Gonzalez","03722 Huxley Point","(214) 864-3430","0"
"621","701-28-5911","Helen Ryan","51 Kennedy Parkway","(214) 988-0720","0"
"622","646-84-1183","John Myers","4 Mendota Junction","(214) 437-0969","0"
"623","748-14-1656","Mary Collins","261 Almo Alley","(469) 987-5918","0"
"624","802-79-0419","Raymond Carter","71 Eastwood Way","(972) 891-0800","0"
"625","124-07-9804","Mary Ramos","6 Anderson Lane","(214) 989-0536","0"
"626","311-30-5644","Kathy Ferguson","20 7th Place","(214) 607-7944","0"
"627","156-04-8304","Clarence Morales","4645 Homewood Trail","(214) 900-0324","0"
"628","590-28-7564","Teresa Campbell","0241 Bultman Point","(214) 930-0030","0"
"629","157-33-0075","Roger Nguyen","249 Marquette Center","(972) 931-8604","0"
"630","326-20-8507","Phyllis Long","9 Bluestem Circle","(972) 661-7458","0"
"631","536-17-5051","Michael Taylor","18398 Florence Place","(972) 833-7591","0"
"632","906-45-2011","John Watkins","1669 Ridgeview Hill","(214) 925-0299","0"
"633","336-89-2349","Carolyn Garcia","9 Dapin Trail","(214) 920-2780","0"
"634","255-25-6148","Donald Phillips","7 Alpine Alley","(214) 813-6913","0"
"635","292-88-0298","Deborah Watson","75 Carey Parkway","(469) 809-1498","0"
"636","640-78-6255","Annie Shaw","66820 Bunting Plaza","(972) 965-6678","0"
"637","847-47-8564","Alan Price","84 Rutledge Junction","(972) 776-5854","0"
"638","126-26-3636","Kathryn Morrison","59100 Onsgard Crossing","(972) 875-1440","0"
"639","471-61-6333","Christopher Johnson","777 Ludington Terrace","(972) 679-9556","0"
"640","439-03-8518","Joshua Bishop","0 Grim Place","(214) 600-5143","0"
"641","391-22-2309","Ernest Jones","8085 Weeping Birch Alley","(972) 948-1978","0"
"642","897-34-6632","Melissa Banks","578 Reindahl Trail","(972) 993-2150","0"
"643","985-72-2421","Arthur Lane","26696 Steensland Court","(214) 959-8756","0"
"644","325-85-6108","Joyce Perkins","8 Bluestem Park","(972) 942-5394","0"
"645","506-85-1419","Judith Sullivan","95194 Badeau Trail","(972) 890-8729","0"
"646","103-27-3706","Billy Johnson","95272 Kensington Plaza","(972) 823-5333","0"
"647","378-57-9726","Marie Bell","74 Anderson Avenue","(469) 991-0533","0"
"648","764-94-7005","Jimmy Ford","14311 Merchant Court","(469) 937-3556","0"
"649","667-37-5162","Alice Mccoy","6 Nelson Avenue","(469) 848-7697","0"
"650","946-02-5323","Richard Matthews","121 Warrior Alley","(972) 963-0887","0"
"651","143-59-3681","Daniel Foster","84 Charing Cross Avenue","(972) 838-0899","0"
"652","251-35-0397","Earl Banks","0 Lindbergh Place","(972) 921-9987","0"
"653","709-47-1259","Scott Rogers","9 Gulseth Circle","(469) 936-7824","0"
"654","211-17-9786","Richard Baker","68093 Ridge Oak Junction","(972) 957-8835","0"
"655","375-17-9234","Robin Mcdonald","3407 Old Gate Circle","(972) 858-2976","0"
"656","512-45-0642","Victor Riley","219 Fair Oaks Park","(214) 932-7141","0"
"657","727-22-0778","Anne Lopez","62 Truax Terrace","(972) 987-8304","0"
"658","315-71-5729","Margaret Fisher","53744 Prentice Alley","(469) 711-2192","0"
"659","897-19-4834","Amanda Perkins","629 Troy Way","(972) 937-2368","0"
"660","619-76-5825","Linda Perry","83189 Esch Circle","(214) 865-3742","0"
"661","272-90-8955","Wanda Lawrence","6239 Mandrake Alley","(214) 772-4765","0"
"662","100-07-8344","Tina Mitchell","42613 Pankratz Hill","(972) 791-8636","0"
"663","392-34-3414","Jacqueline Gordon","3603 Vernon Junction","(972) 979-5379","0"
"664","850-03-5811","Betty Hunt","79 Welch Court","(214) 615-4372","0"
"665","190-47-5767","Kevin Webb","156 Lukken Lane","(214) 947-7416","0"
"666","529-87-4076","Joshua Evans","225 Dixon Center","(214) 882-4750","0"
"667","836-54-2070","Kathleen Peters","5024 Park Meadow Park","(214) 838-2643","0"
"668","265-54-1326","Marie Mason","651 Cody Trail","(972) 918-8605","0"
"669","941-12-6153","Jean Morrison","68 Stuart Parkway","(972) 767-8868","0"
"670","190-47-8274","Daniel Hudson","16609 Oak Valley Plaza","(214) 921-7666","0"
"671","318-20-1054","Judith Dixon","8 Almo Court","(972) 908-2892","0"
"672","963-64-2281","Roy Morales","05025 Muir Point","(972) 635-1013","0"
"673","531-84-3873","Justin Marshall","972 Crownhardt Circle","(469) 778-6036","0"
"674","635-15-6122","Gregory Smith","59810 Erie Circle","(972) 868-0952","0"
"675","552-29-0884","Deborah Reed","426 Swallow Hill","(214) 981-2497","0"
"676","578-14-7271","Pamela King","1754 Pennsylvania Way","(214) 989-0559","0"
"677","520-65-9256","Alan Welch","1102 Magdeline Court","(469) 984-4212","0"
"678","393-11-9047","Samuel Moore","41307 Grasskamp Drive","(972) 850-8906","0"
"679","343-72-6326","Katherine Holmes","0 Rowland Avenue","(972) 954-3190","0"
"680","900-26-2190","Harold Williams","7576 Vermont Plaza","(214) 889-7673","0"
"681","133-85-2262","Evelyn Nguyen","590 Independence Circle","(469) 746-7480","0"
"682","824-55-4537","Joe Cooper","1421 Linden Avenue","(469) 977-1179","0"
"683","784-92-2076","Helen Fernandez","70499 Michigan Circle","(469) 831-8504","0"
"684","151-58-6475","Nicholas Gibson","2454 Clemons Crossing","(972) 906-3742","0"
"685","122-74-8518","Angela Tucker","50 Brentwood Crossing","(972) 650-5349","0"
"686","917-44-4969","Amy Washington","93083 Elka Lane","(972) 817-2285","0"
"687","688-02-5499","Gregory Sanchez","230 Briar Crest Road","(972) 860-8215","0"
"688","941-81-2456","Terry Kennedy","55 Summer Ridge Point","(214) 945-1527","0"
"689","370-79-5137","Charles Bradley","10 Kenwood Avenue","(214) 763-4487","0"
"690","972-75-6100","Judy Gilbert","0 Roth Alley","(214) 917-8414","0"
"691","820-05-9916","Paul Chapman","57011 Reindahl Terrace","(469) 918-9529","0"
"692","536-88-7676","Cheryl Taylor","4916 Stang Hill","(469) 602-9760","0"
"693","753-82-4781","Linda Nelson","46 Lukken Hill","(214) 728-3594","0"
"694","617-28-1448","Edward Harvey","2989 Leroy Point","(469) 999-8714","0"
"695","735-50-3554","Carolyn Chapman","9524 Amoth Lane","(214) 947-2089","0"
"696","525-50-2241","Jack Hudson","2 Claremont Drive","(972) 544-4023","0"
"697","534-11-4411","Adam Gardner","907 Corben Alley","(214) 548-0751","0"
"698","363-38-9674","Julia Pierce","8 Heath Avenue","(469) 701-5525","0"
"699","407-53-1627","Janet Robertson","20 Mesta Plaza","(214) 836-2849","0"
"700","240-04-1102","Maria Romero","188 Loeprich Drive","(214) 845-7095","0"
"701","472-98-6371","Diana Rogers","58 Welch Place","(469) 502-6533","0"
"702","663-09-0104","Evelyn Carter","8 Fair Oaks Alley","(469) 825-0017","0"
"703","535-55-5684","Bruce Armstrong","9 Memorial Junction","(214) 875-5764","0"
"704","325-18-4093","Janice Matthews","967 Mifflin Center","(469) 914-7781","0"
"705","371-06-4026","Mildred Nelson","9598 Union Terrace","(972) 452-3908","0"
"706","222-63-3734","Shawn Robertson","6590 Holy Cross Way","(972) 656-2026","0"
"707","276-49-3884","Elizabeth Tucker","65 Fulton Court","(214) 987-6456","0"
"708","122-23-9319","Dorothy Harper","83 Boyd Center","(214) 827-1293","0"
"709","323-59-6505","Jack Woods","10 Crest Line Pass","(214) 942-9460","0"
"710","436-60-5376","Eric Jordan","154 Redwing Way","(469) 924-3271","0"
"711","283-97-2577","Marilyn Taylor","57 Farmco Park","(214) 806-7627","0"
"712","248-17-2518","Timothy Edwards","109 Larry Road","(214) 974-9365","0"
"713","637-48-2284","Carol Welch","121 Ohio Road","(214) 821-0016","0"
"714","164-19-4566","Sandra Reed","1876 Westend Court","(469) 896-9764","0"
"715","498-44-8648","Jason Dunn","90950 Sherman Way","(972) 712-6791","0"
"716","741-86-2253","Paula Jordan","0 Schurz Lane","(214) 956-1394","0"
"717","694-72-1725","Willie Hernandez","46 Bluejay Crossing","(469) 869-1585","0"
"718","500-83-0564","Chris Phillips","2563 Macpherson Avenue","(214) 795-5477","0"
"719","849-33-1958","Juan Hayes","5 Melvin Junction","(469) 666-0063","0"
"720","398-41-8926","Helen Lopez","2 Maryland Park","(214) 904-8793","0"
"721","642-59-9156","Justin Porter","66 Lerdahl Street","(469) 820-0587","0"
"722","236-99-9327","Johnny Garcia","85 Sloan Street","(469) 962-1344","0"
"723","590-51-2989","Katherine Taylor","00 Carey Alley","(469) 755-0265","0"
"724","847-74-4073","Jacqueline Howell","30 Meadow Valley Trail","(972) 817-4256","0"
"725","743-83-9247","Earl Richards","431 Birchwood Court","(214) 959-4661","0"
"726","482-29-7565","Clarence Woods","7 Schiller Road","(214) 913-1723","0"
"727","209-78-7735","Jessica Gonzales","645 Rutledge Road","(972) 938-3645","0"
"728","831-59-6111","Matthew Warren","4561 Texas Lane","(972) 971-6529","0"
"729","280-98-5533","Kathy Smith","8726 Packers Parkway","(214) 953-4343","0"
"730","925-63-9699","Keith Collins","99196 Surrey Court","(214) 788-7439","0"
"731","556-38-3135","Joan Garrett","43 Scoville Pass","(972) 954-7260","0"
"732","434-71-8048","Diane Little","11 Donald Road","(469) 688-9174","0"
"733","372-72-3479","Wanda Mendoza","34327 Sunbrook Hill","(469) 569-6125","0"
"734","657-61-4433","Martin Nguyen","08974 Bowman Way","(469) 996-7003","0"
"735","967-28-8561","Donald Andrews","8 Kennedy Terrace","(972) 828-3356","0"
"736","895-97-4019","Ruth Weaver","46239 Kipling Terrace","(214) 802-4320","0"
"737","469-60-9195","Patricia Gilbert","43 Mariners Cove Center","(214) 814-7712","0"
"738","286-87-5683","Carlos Ford","0 Dovetail Avenue","(214) 658-8568","0"
"739","988-74-6162","Louise Arnold","55 Mandrake Crossing","(972) 903-4805","0"
"740","284-97-8780","Henry Nichols","08 Oak Valley Park","(214) 941-0961","0"
"741","186-84-1844","Kathleen Hayes","72 Mcguire Road","(469) 895-4109","0"
"742","458-94-0428","Bonnie Mccoy","83175 Cottonwood Way","(214) 913-2990","0"
"743","419-29-8694","Jerry Montgomery","10 Northland Plaza","(214) 826-7806","0"
"744","219-67-5666","Jessica Mccoy","09315 Trailsway Court","(214) 918-2939","0"
"745","372-21-0737","Jean Ryan","801 Hooker Center","(214) 998-5831","0"
"746","338-73-5511","Joyce Clark","360 Hovde Way","(469) 853-7767","0"
"747","593-87-1261","Marilyn Cruz","4 Esker Plaza","(469) 947-7763","0"
"748","132-70-2552","Christine Young","70 Meadow Valley Pass","(972) 989-7753","0"
"749","795-84-3330","Marie Phillips","8 Pleasure Drive","(469) 603-0113","0"
"750","645-65-7799","Ann Bryant","451 Sundown Drive","(214) 940-1980","0"
"751","338-60-5273","Bruce Bailey","1228 Warner Hill","(972) 785-6558","0"
"752","171-35-4592","Julie Fields","0 Hayes Alley","(214) 226-5537","0"
"753","872-37-7791","Gregory Schmidt","998 Merchant Circle","(972) 990-8419","0"
"754","264-34-8300","Marilyn Ryan","877 Forster Lane","(469) 900-2911","0"
"755","361-84-6572","Julia Long","472 Forest Trail","(972) 934-8954","0"
"756","538-33-3604","Victor Peterson","3653 Sage Parkway","(214) 965-4668","0"
"757","294-41-0480","Sara Ruiz","75507 Center Way","(214) 988-8363","0"
"758","286-27-4771","Roy Barnes","4505 Transport Drive","(469) 530-2193","0"
"759","528-82-3250","Anthony Carpenter","61 Karstens Plaza","(214) 939-8741","0"
"760","774-66-2989","Jessica Rodriguez","3969 Springview Court","(469) 846-8175","0"
"761","147-96-7903","Craig Carter","3 Hayes Plaza","(214) 974-6461","0"
"762","126-49-2208","Brandon Ellis","9617 Summit Terrace","(469) 767-8210","0"
"763","509-31-0770","Richard Torres","19723 Cherokee Drive","(972) 915-3282","0"
"764","335-36-3231","Janet Mcdonald","63455 Division Park","(469) 586-2793","0"
"765","862-42-5821","Raymond Campbell","495 Mallard Street","(214) 881-9579","0"
"766","430-93-4149","Mark Fields","03 Menomonie Junction","(972) 919-4515","0"
"767","936-04-6604","William Cox","2 Veith Junction","(972) 897-9587","0"
"768","795-03-9664","Ruby Hansen","759 Mandrake Avenue","(214) 912-1668","0"
"769","737-18-1574","Phillip Richards","29931 Northridge Trail","(972) 783-3567","0"
"770","286-37-8304","Richard Jordan","76466 Milwaukee Lane","(469) 998-7983","0"
"771","314-52-2705","Marie Perez","38 Summer Ridge Court","(469) 682-4358","0"
"772","574-79-3097","Cheryl Butler","68 Maple Court","(469) 448-2582","0"
"773","835-29-8866","Michelle Carpenter","99896 New Castle Trail","(469) 780-0762","0"
"774","496-59-9897","Adam Cooper","74125 Laurel Center","(214) 812-8288","0"
"775","368-19-9311","Nancy Shaw","347 Oak Plaza","(214) 849-5837","0"
"776","414-22-2220","Ernest Gomez","34530 Donald Pass","(972) 966-3976","0"
"777","888-89-3056","Wanda Wilson","3 Rockefeller Point","(214) 783-6562","0"
"778","572-70-8409","Melissa Bailey","94627 Hoard Parkway","(972) 870-8953","0"
"779","114-71-5828","Clarence Gray","797 Merrick Way","(972) 951-5685","0"
"780","104-43-3663","Janice Hunter","3 Sheridan Trail","(972) 888-0899","0"
"781","329-05-3664","Raymond Murray","3083 Crescent Oaks Road","(972) 900-8986","0"
"782","447-69-9321","Bruce Hansen","88200 Johnson Alley","(214) 892-9528","0"
"783","937-66-7915","Ryan Mccoy","27278 American Ash Avenue","(469) 786-6255","0"
"784","764-89-6736","Jerry Fowler","0 Lighthouse Bay Circle","(214) 653-3127","0"
"785","134-92-4609","Frank Harper","8 Fairview Drive","(972) 810-8573","0"
"786","571-08-1675","George Garza","0 Granby Lane","(469) 758-5662","0"
"787","914-59-1431","Sharon Olson","7705 Ridge Oak Plaza","(972) 982-4528","0"
"788","310-91-2067","Kathryn Reed","086 Bunker Hill Way","(972) 937-2108","0"
"789","925-52-2771","Randy Weaver","5 Del Mar Junction","(214) 853-7737","0"
"790","193-13-7825","Linda Washington","8122 Sachtjen Circle","(972) 914-5391","0"
"791","799-37-4997","Elizabeth Anderson","80 Dunning Circle","(469) 881-4443","0"
"792","981-69-8236","Henry Kim","9861 Elmside Crossing","(214) 912-9599","0"
"793","124-22-8351","Earl Morales","16 Manley Pass","(214) 651-0786","0"
"794","980-98-1968","Howard Ford","31553 5th Place","(972) 940-7458","0"
"795","486-25-9016","Tammy Fox","29405 Hauk Road","(214) 997-3240","0"
"796","765-53-6457","Sarah Hicks","38 Lighthouse Bay Pass","(214) 901-9314","0"
"797","750-87-6481","Diana Montgomery","2 Welch Parkway","(214) 603-6856","0"
"798","796-84-4632","Joan Boyd","393 School Plaza","(469) 882-9965","0"
"799","944-12-9610","Barbara Simmons","678 Barnett Point","(469) 415-7518","0"
"800","604-14-8118","Keith Carroll","46912 Veith Place","(214) 821-2150","0"
"801","554-70-7857","Ruby Bryant","0502 Dorton Place","(214) 583-2918","0"
"802","968-07-8691","Andrew Holmes","87963 Darwin Plaza","(469) 993-5278","0"
"803","848-01-1355","Juan King","3344 Schlimgen Point","(972) 823-3180","0"
"804","522-56-7195","Michael Warren","1 Northwestern Road","(469) 912-0181","0"
"805","263-49-6672","Randy Wagner","28585 Iowa Pass","(972) 981-8393","0"
"806","916-96-2811","Jose Kelly","088 Cambridge Trail","(972) 832-9963","0"
"807","304-18-5907","Peter Ford","3 Boyd Point","(214) 978-2937","0"
"808","381-33-3107","Peter Edwards","70349 Hallows Way","(214) 991-6626","0"
"809","211-11-0916","Louise Peters","79475 Morrow Pass","(972) 902-4551","0"
"810","343-23-0976","Stephanie Perry","08750 Forest Dale Road","(214) 899-9004","0"
"811","792-44-4178","Lawrence Adams","38 Forster Terrace","(214) 925-8866","0"
"812","443-86-2495","Gregory Hansen","419 Longview Trail","(469) 899-8651","0"
"813","797-38-1593","Ralph Medina","74 High Crossing Lane","(469) 953-9007","0"
"814","223-83-8666","Joan Cooper","52 Fremont Road","(972) 842-0287","0"
"815","732-67-6734","Karen George","560 Menomonie Plaza","(469) 551-3026","0"
"816","639-56-1250","Theresa Cunningham","8148 Florence Drive","(469) 861-6774","0"
"817","506-61-7033","Dennis Young","378 Carberry Place","(214) 602-2841","0"
"818","789-55-8630","Joseph Castillo","4 Surrey Park","(469) 916-0494","0"
"819","100-43-9457","Eugene Fisher","977 Gina Junction","(972) 926-5775","0"
"820","622-93-0486","Elizabeth Medina","044 Prentice Center","(972) 969-7931","0"
"821","236-05-8310","Joyce Arnold","48306 Moulton Plaza","(972) 958-8893","0"
"822","294-25-9318","William Ramos","20 Red Cloud Trail","(972) 950-2750","0"
"823","317-84-2700","Billy Reed","2 Loftsgordon Alley","(972) 853-0282","0"
"824","802-25-7025","Scott Carr","9 Memorial Place","(469) 979-5007","0"
"825","713-06-2568","Doris Carpenter","55093 Bunting Pass","(972) 413-6984","0"
"826","863-24-4380","Aaron Kennedy","51078 Fisk Parkway","(214) 900-5041","0"
"827","957-88-2521","Eugene George","32186 Katie Park","(469) 642-7160","0"
"828","971-59-7462","Marilyn Washington","7639 Northfield Park","(214) 531-0051","0"
"829","778-11-2383","Sara Patterson","938 Vermont Crossing","(972) 871-5585","0"
"830","432-34-5988","Samuel Henry","031 Hintze Terrace","(972) 825-3266","0"
"831","110-87-5003","Phillip Kennedy","41 Leroy Center","(469) 995-0612","0"
"832","862-95-3192","Robin Welch","4 Texas Trail","(972) 778-2143","0"
"833","639-00-1709","Rose Garrett","2384 Carey Road","(214) 860-5621","0"
"834","687-26-7934","Rebecca Meyer","38 Nelson Lane","(972) 936-2303","0"
"835","648-00-1339","Michelle Reid","7 Sunbrook Circle","(469) 941-2469","0"
"836","362-56-0347","Judy Rice","49031 Saint Paul Avenue","(469) 935-1827","0"
"837","840-08-8767","Kevin Carroll","36 Jana Lane","(469) 964-0568","0"
"838","268-14-2587","Kathryn Owens","664 Clemons Hill","(214) 812-2116","0"
"839","211-96-5010","Brian Elliott","28 Graedel Hill","(972) 857-3817","0"
"840","704-93-5430","Keith Alvarez","73423 Mallard Park","(972) 985-3882","0"
"841","493-28-0872","Christopher Hamilton","42 Johnson Place","(972) 756-5173","0"
"842","104-87-2254","Mildred Washington","093 Reindahl Alley","(469) 863-5699","0"
"843","634-96-0779","Maria Patterson","435 Mockingbird Road","(214) 689-4556","0"
"844","973-88-0017","Tammy Romero","77652 Quincy Junction","(469) 653-5925","0"
"845","701-06-3601","Shirley Ellis","74 Boyd Circle","(469) 920-2738","0"
"846","948-86-4146","Gerald Carter","6829 Aberg Park","(214) 994-1903","0"
"847","405-84-3532","Sandra Diaz","73631 Arapahoe Plaza","(214) 832-3930","0"
"848","648-26-1008","Joyce Miller","2 Annamark Center","(972) 961-6545","0"
"849","401-78-7678","Edward Freeman","415 Di Loreto Plaza","(972) 989-4204","0"
"850","138-67-0395","Willie Griffin","990 Moland Lane","(214) 928-8621","0"
"851","576-90-5231","Eugene Gibson","11945 Delaware Trail","(972) 954-4027","0"
"852","511-59-7913","Beverly Carroll","7263 Mariners Cove Park","(214) 917-7386","0"
"853","427-26-2369","Kevin Weaver","9746 Springview Lane","(469) 942-2408","0"
"854","981-70-0822","Diana Collins","00 Stoughton Pass","(972) 804-5134","0"
"855","842-92-6012","Melissa Cole","405 Lukken Park","(972) 786-8554","0"
"856","842-48-2817","Willie Young","4 Bowman Lane","(214) 928-4186","0"
"857","420-41-5414","Juan Nichols","8095 Grover Point","(469) 804-3343","0"
"858","571-34-6457","Kevin Mason","132 Huxley Street","(469) 973-8133","0"
"859","977-49-7404","Ronald Owens","160 Forster Court","(214) 986-1282","0"
"860","625-10-0221","Howard Mason","725 Shelley Street","(972) 884-9005","0"
"861","344-02-3503","Scott Sullivan","3 Dottie Way","(972) 881-9868","0"
"862","217-52-9370","Margaret Payne","706 Spenser Drive","(972) 760-0404","0"
"863","676-28-3465","Ashley Dixon","07278 Arizona Road","(972) 818-9660","0"
"864","927-53-6184","Marilyn Vasquez","85753 Sommers Parkway","(214) 435-8942","0"
"865","369-13-2148","Amanda Olson","2 Thompson Hill","(972) 979-2331","0"
"866","275-69-7155","Heather Fernandez","18106 Beilfuss Way","(469) 854-7653","0"
"867","993-11-4983","Stephanie Diaz","52331 Monica Drive","(214) 912-8213","0"
"868","867-83-7085","Roy Kelly","7053 Old Gate Alley","(469) 974-8373","0"
"869","466-06-1410","Scott Chavez","3 Kingsford Avenue","(469) 963-3427","0"
"870","632-92-1297","Donna Mitchell","4741 Kenwood Junction","(214) 951-3865","0"
"871","585-80-2785","Louis Harris","2747 Rieder Plaza","(214) 886-3021","0"
"872","512-23-3537","Henry Hansen","2900 Surrey Street","(214) 964-2420","0"
"873","772-62-3065","Kathryn Porter","53 Dapin Parkway","(972) 844-8439","0"
"874","190-88-7543","Anne Johnson","20069 Melvin Center","(214) 975-6054","0"
"875","329-18-4164","Todd Taylor","97238 Onsgard Trail","(214) 937-3241","0"
"876","654-19-5151","Julia Fernandez","34619 Marcy Crossing","(972) 966-9920","0"
"877","591-02-8727","Craig Robinson","30 Sutteridge Point","(469) 919-0979","0"
"878","299-37-0401","Nancy Shaw","5834 Village Crossing","(214) 788-2516","0"
"879","939-58-3158","Lawrence Nichols","6423 Roth Park","(214) 925-2580","0"
"880","170-66-3784","Jimmy Diaz","0301 Oriole Lane","(469) 473-0533","0"
"881","740-80-4320","Bobby Mcdonald","3 Scoville Drive","(972) 527-7603","0"
"882","953-63-4906","Jesse Cunningham","790 Marquette Hill","(214) 936-7626","0"
"883","200-60-0963","Gregory Andrews","361 Sachs Crossing","(214) 973-0715","0"
"884","499-38-8289","Tina Rogers","79 Forest Dale Road","(469) 984-9258","0"
"885","312-18-8191","Henry Allen","9 Pennsylvania Street","(972) 939-2237","0"
"886","215-99-1270","Carolyn Gordon","6 Fuller Avenue","(469) 829-5466","0"
"887","154-27-1288","Louise Hudson","04798 Loeprich Alley","(972) 955-8037","0"
"888","772-41-5591","John Vasquez","52 Darwin Park","(469) 978-1123","0"
"889","888-06-1132","Kathryn Graham","45 Everett Pass","(469) 921-3046","0"
"890","992-83-5801","Patricia Perkins","0 Heffernan Drive","(972) 971-8654","0"
"891","252-88-4550","Henry Arnold","47 Becker Lane","(972) 470-2949","0"
"892","534-51-9042","Ruby Bishop","5 International Point","(972) 944-4239","0"
"893","292-84-4463","Phyllis Dunn","8316 Calypso Court","(214) 835-0529","0"
"894","144-30-3599","Louise Wood","000 Mccormick Plaza","(972) 914-5297","0"
"895","895-44-1229","Tammy Shaw","0 Carey Parkway","(214) 905-2378","0"
"896","955-03-9519","Eric Rivera","466 Tony Circle","(972) 932-9658","0"
"897","743-94-0520","Joe Williams","748 Schlimgen Avenue","(972) 852-8033","0"
"898","140-10-0901","Aaron Snyder","1 American Ash Avenue","(214) 936-9743","0"
"899","210-06-2715","Louis Clark","4284 Norway Maple Lane","(972) 872-7570","0"
"900","357-34-7649","Sarah Chavez","3 Schmedeman Court","(972) 524-1820","0"
"901","427-38-8763","Robin Ellis","67445 Dunning Lane","(972) 866-1973","0"
"902","315-41-8687","Jessica Davis","12957 Independence Drive","(972) 842-5888","0"
"903","829-97-1624","Lillian Stone","919 Judy Way","(972) 851-2126","0"
"904","347-88-9624","Ruth Stanley","1 Warrior Pass","(972) 911-0228","0"
"905","840-39-1806","Jesse Duncan","7787 Haas Hill","(972) 683-9815","0"
"906","637-53-4929","Lori Hunter","39 Swallow Place","(469) 642-4787","0"
"907","136-04-3559","Tammy Robinson","0378 Longview Plaza","(469) 933-2520","0"
"908","713-24-6764","James Dunn","2 Luster Hill","(214) 849-9192","0"
"909","414-66-2512","Earl White","3645 Ramsey Place","(972) 936-8134","0"
"910","613-21-6220","Jeremy Rogers","91121 Moulton Plaza","(469) 842-8404","0"
"911","733-94-6852","Earl Chapman","45 Moulton Junction","(972) 997-7819","0"
"912","606-73-0914","Dorothy Miller","52 Hazelcrest Crossing","(214) 803-3680","0"
"913","154-97-3290","Anna Lopez","49 3rd Terrace","(214) 959-4100","0"
"914","369-65-4229","Gary Fuller","59 Macpherson Crossing","(214) 968-9302","0"
"915","507-57-2316","Angela Nguyen","45542 Rutledge Avenue","(214) 978-0162","0"
"916","325-17-0156","Paula Frazier","916 Maywood Court","(214) 934-1206","0"
"917","866-10-0944","Daniel Johnson","76702 Caliangt Circle","(469) 828-8109","0"
"918","650-99-3347","Raymond Burke","3001 Corscot Drive","(469) 749-0551","0"
"919","417-25-3686","Anna Flores","730 Vera Avenue","(214) 820-9633","0"
"920","128-67-5708","Kathleen Reed","89 Tomscot Street","(214) 941-0107","0"
"921","412-58-0911","Linda Garcia","1 Luster Street","(972) 910-1369","0"
"922","312-56-2889","Kevin Turner","3034 Kipling Drive","(214) 835-8339","0"
"923","122-17-0911","Juan Dunn","18 Oak Drive","(214) 857-0040","0"
"924","548-70-2653","Arthur Lane","79797 Fieldstone Circle","(214) 848-0150","0"
"925","922-65-9466","Deborah Medina","4 Cambridge Park","(972) 679-5235","0"
"926","380-74-6132","Lisa Castillo","856 Mitchell Junction","(469) 996-6025","0"
"927","148-76-3309","Louis Rivera","210 Sunfield Trail","(469) 940-0843","0"
"928","648-41-9002","Catherine Hunt","241 Gulseth Crossing","(469) 929-6433","0"
"929","253-50-1861","Bobby Gomez","53 Kipling Place","(469) 747-8105","0"
"930","237-32-1975","Johnny Jenkins","6757 Buena Vista Park","(214) 711-0231","0"
"931","304-04-2180","Richard Sanchez","6 Bonner Road","(214) 789-8437","0"
"932","416-32-8500","Fred Peterson","723 Emmet Avenue","(214) 929-0915","0"
"933","731-41-2008","Gerald Jacobs","539 Pond Point","(972) 929-5037","0"
"934","680-37-1075","Teresa Perry","67 Porter Center","(469) 937-7720","0"
"935","358-57-1779","Joyce Watson","033 Fieldstone Pass","(469) 976-1235","0"
"936","399-11-8418","Antonio Crawford","94232 Hudson Drive","(469) 818-0847","0"
"937","263-34-5944","Shawn Hanson","88 Prairieview Terrace","(469) 712-3956","0"
"938","871-14-1691","Sandra Hayes","8 Morning Parkway","(972) 901-1242","0"
"939","651-25-8004","Jimmy Garrett","43 Clyde Gallagher Terrace","(972) 984-4957","0"
"940","484-44-5282","Antonio Lawrence","08482 Merry Alley","(972) 843-3635","0"
"941","983-14-0730","Marie Medina","7338 Pierstorff Circle","(469) 810-7312","0"
"942","716-92-1888","Juan Allen","5 Victoria Alley","(469) 979-2886","0"
"943","309-24-3620","Gerald Porter","11934 Upham Point","(214) 706-8751","0"
"944","776-60-4123","Todd Brooks","7838 Moland Plaza","(469) 781-0440","0"
"945","679-76-7522","Jean Rice","48712 Mockingbird Road","(469) 935-5450","0"
"946","729-59-6353","Jack Day","2107 Kipling Plaza","(214) 913-6444","0"
"947","628-48-3788","Amy Woods","5 Shoshone Crossing","(469) 773-4866","0"
"948","785-13-2932","Raymond Greene","55619 Surrey Plaza","(469) 983-7473","0"
"949","101-97-8660","Arthur Wright","158 John Wall Street","(214) 941-5089","0"
"950","946-46-6223","Daniel Hunt","13709 Mariners Cove Center","(972) 915-2723","0"
"951","481-28-6748","Julie Hamilton","6209 Ludington Pass","(972) 812-7230","0"
"952","864-59-5290","Diana Garza","83139 Warrior Parkway","(972) 872-4808","0"
"953","370-11-1197","Walter Cruz","463 Hanover Junction","(972) 836-9111","0"
"954","850-05-9666","Mildred Ramirez","7 Anderson Lane","(972) 826-9318","0"
"955","475-45-2130","Jean Gilbert","769 Colorado Center","(469) 850-6077","0"
"956","704-23-0250","Frances Porter","16 Farwell Park","(214) 958-6327","0"
"957","847-54-7019","Jane Carter","746 East Court","(469) 859-2686","0"
"958","316-40-2743","Johnny Perry","5091 Melrose Court","(469) 783-2541","0"
"959","973-44-7229","Donald Powell","1901 Laurel Pass","(972) 917-5123","0"
"960","597-54-1860","Russell Morales","6 Continental Hill","(469) 833-1681","0"
"961","853-02-8515","Earl Smith","73 Towne Hill","(469) 919-5433","0"
"962","961-10-2631","Jane Phillips","9 Northland Place","(469) 981-5694","0"
"963","340-38-2920","Ruby Black","01580 Main Alley","(214) 839-6582","0"
"964","650-36-9913","Teresa Fernandez","50 Arrowood Circle","(972) 918-7531","0"
"965","940-61-5781","Jacqueline Hamilton","792 Burrows Lane","(972) 785-5033","0"
"966","136-33-6897","Anthony Elliott","82 Harper Lane","(972) 942-6006","0"
"967","780-32-3564","Louise Henderson","58 Southridge Way","(469) 897-6813","0"
"968","174-47-0894","Lillian Cruz","1202 Nevada Crossing","(469) 577-0003","0"
"969","235-78-1401","David Davis","6266 Debs Place","(214) 864-7187","0"
"970","919-55-8047","Janice Price","269 Farragut Trail","(214) 941-9869","0"
"971","687-90-1452","Donald Palmer","12 5th Junction","(469) 677-4531","0"
"972","535-61-9932","Donald Washington","978 Moose Plaza","(972) 844-7608","0"
"973","328-03-3548","Jessica Jones","37 Melrose Court","(972) 906-0660","0"
"974","608-66-0102","Amy Coleman","2562 Pond Junction","(214) 954-7729","0"
"975","894-17-1936","Marie Ryan","4287 Canary Center","(469) 924-4203","0"
"976","882-93-4808","Gloria Barnes","149 Columbus Avenue","(214) 797-0275","0"
"977","328-50-2075","Charles Lawrence","7 Randy Terrace","(972) 813-8851","0"
"978","179-35-6366","Patricia Hill","2506 Ridgeway Drive","(469) 932-9594","0"
"979","223-32-8250","Ryan Young","40252 Lyons Terrace","(214) 742-4030","0"
"980","504-76-4400","Willie Woods","99 Sunbrook Circle","(214) 810-2688","0"
"981","131-82-6807","Cynthia Webb","6016 Leroy Way","(214) 975-2196","0"
"982","470-80-0995","Joyce Cox","5027 Meadow Vale Way","(972) 832-4867","0"
"983","210-87-6619","Debra Kim","303 Bashford Road","(469) 747-4090","0"
"984","757-76-0049","Louise Harrison","13 American Ash Place","(214) 897-8864","0"
"985","641-17-6232","Douglas Day","264 Packers Place","(469) 868-2443","0"
"986","690-30-6386","Jane Hughes","05 Tony Junction","(972) 963-9605","0"
"987","405-00-7979","Joan Wagner","76837 Heath Trail","(972) 841-3593","0"
"988","697-50-5730","Joyce Gibson","0605 Old Shore Avenue","(469) 840-4916","0"
"989","659-02-3329","Paula Harrison","7 Swallow Pass","(469) 622-5174","0"
"990","647-36-9732","Bobby Dunn","785 Graedel Place","(972) 923-3432","0"
"991","659-27-5045","Bonnie Ross","81741 Hallows Plaza","(214) 930-4665","0"
"992","923-61-2260","Dennis Wheeler","8321 Mendota Crossing","(214) 932-7040","0"
"993","646-30-1413","Jason Gutierrez","7 Pearson Way","(972) 990-8290","0"
"994","968-11-7539","Diana Spencer","467 Menomonie Alley","(972) 850-9653","0"
"995","784-77-6035","Jessica Thompson","73 Mandrake Center","(972) 728-3395","0"
"996","468-32-4617","Sean Pierce","07 Laurel Park","(469) 987-3050","0"
"997","647-49-5762","Alan Stewart","74154 Drewry Street","(469) 944-5061","0"
"998","345-58-9435","Janice Robinson","7791 Maple Hill","(972) 855-6553","0"
"999","504-57-5850","Barbara Carroll","5989 4th Avenue","(214) 999-2405","0"
"1000","362-54-6087","Lori Mccoy","71 Evergreen Crossing","(972) 975-7324","0"
"1007","123-45-6789","Qi Gao","951 Greenside Dr, Apt 6324","6823758184","0"
"1008","233-45-6789","Qi Gao","951 Greenside Dr, Apt 6324","6823758184","0"
